attempt_num,board_number,board_label,screen_type,board_score,running_total,death,death_num,lives,frame,bonus_timer
1,1,1,Blue,12200,12200,false,,3,1509,
2,2,2,Gold,12300,24500,false,,3,2678,
3,3,3,Blue,15500,40000,false,,4,3964,
4,4,4,Grey,17400,57400,false,,4,7089,
5,5,5,Gold,14300,71700,false,,5,9192,
6,6,6,Blue,17700,89400,false,,5,12590,
7,7,7,Grey,17700,107100,false,,6,16627,
8,8,8,Gold,14100,121200,false,,7,18974,
9,9,9,Blue,18400,139600,false,,7,22142,
10,10,10,Grey,17900,157500,false,,8,26727,
11,11,11,Gold,14300,171800,false,,8,28854,
12,12,12,Blue,21400,193200,false,,9,32427,
13,13,13,Grey,21600,214800,false,,10,36125,
14,14,14,Gold,14700,229500,false,,10,38494,
15,15,15,Blue,21200,250700,false,,11,42177,
16,16,16,Grey,19800,270500,false,,12,47250,
17,17,17,Gold,14700,285200,false,,12,49581,
18,18,18,Blue,22600,307800,false,,13,54359,
19,19,19,Grey,24700,332500,false,,14,58470,
20,20,20,Gold,15100,347600,false,,14,61261,
21,21,21,Blue,22200,369800,false,,15,66384,
22,22,22,Grey,25900,395700,false,,16,70060,
23,23,23,Gold,14300,410000,false,,16,73107,
24,24,24,Blue,25300,435300,false,,17,78269,
25,25,25,Grey,29500,464800,false,,18,81771,
26,26,26,Gold,14800,479600,false,,18,84522,
27,27,27,Blue,24300,503900,false,,19,90034,
28,28,28,Grey,27700,531600,false,,20,93789,
29,29,29,Gold,13700,545300,false,,21,96816,
30,30,30,Blue,24700,570000,false,,22,101327,
31,31,31,Grey,27100,597100,false,,22,105368,
32,32,32,Gold,13400,610500,false,,23,108389,
34,33,33,Blue,15600,626100,true,1,22,112273,1800
34,33,33,Blue,15200,641300,false,,23,113712,
35,34,34,Grey,27900,669200,false,,24,117386,
36,35,35,Gold,14000,683200,false,,24,120007,
37,36,36,Blue,15000,698200,false,,25,121076,
38,37,37,Grey,27700,725900,false,,26,124841,
39,38,38,Gold,13700,739600,false,,26,127438,
40,39,39,Blue,24000,763600,false,,27,132233,
41,40,40,Grey,26000,789600,false,,28,136762,
42,41,41,Gold,12900,802500,false,,28,140173,
43,42,42,Blue,25100,827600,false,,29,144501,
44,43,43,Grey,27500,855100,false,,30,148323,
45,44,44,Gold,13500,868600,false,,30,151160,
47,45,45,Blue,11000,879600,true,2,30,153713,4500
47,45,45,Blue,18700,898300,false,,30,155654,
48,46,46,Grey,27800,926100,false,,31,159334,
49,47,47,Gold,14400,940500,false,,32,161599,
50,48,48,Blue,15000,955500,false,,32,162673,
51,49,49,Grey,27600,983100,false,,33,166467,
52,50,50,Gold,13800,996900,false,,35,169160,
53,51,51,Blue,25200,1022100,false,,35,173529,
54,52,52,Grey,28100,1050200,false,,35,177077,
55,53,53,Gold,13600,1063800,false,,35,179898,
56,54,54,Blue,25200,1089000,false,,35,184296,
57,55,55,Grey,27400,1116400,false,,35,188154,
58,56,56,Gold,13500,1129900,false,,35,191001,
59,57,57,Blue,25500,1155400,false,,35,195153,
60,58,58,Grey,27000,1182400,false,,35,199214,
61,59,59,Gold,13800,1196200,false,,35,201939,
62,60,60,Blue,25900,1222100,false,,35,205885,
63,61,61,Grey,26700,1248800,false,,35,210127,
64,62,62,Gold,13600,1262400,false,,35,213068,
65,63,63,Blue,25000,1287400,false,,35,217498,
66,64,64,Grey,27800,1315200,false,,35,221209,
67,65,65,Gold,13500,1328700,false,,35,224060,
68,66,66,Blue,24300,1353000,false,,35,229215,
69,67,67,Grey,27500,1380500,false,,35,233059,
70,68,68,Gold,13800,1394300,false,,35,235766,
71,69,69,Blue,25200,1419500,false,,35,240075,
72,70,70,Grey,28300,1447800,false,,35,243502,
73,71,71,Gold,13300,1461100,false,,35,246877,
74,72,72,Blue,24300,1485400,false,,35,251788,
75,73,73,Grey,28100,1513500,false,,35,255326,
76,74,74,Gold,13700,1527200,false,,35,257945,
77,75,75,Blue,25200,1552400,false,,35,262141,
78,76,76,Grey,28200,1580600,false,,35,265646,
79,77,77,Gold,13600,1594200,false,,35,268459,
81,78,78,Blue,6800,1601000,true,3,34,270280,6000
81,78,78,Blue,20600,1621600,false,,34,273407,
82,79,79,Grey,27400,1649000,false,,34,277238,
83,80,80,Gold,14800,1663800,false,,34,279465,
84,81,81,Blue,15000,1678800,false,,34,280543,
85,82,82,Grey,28300,1707100,false,,34,284009,
86,83,83,Gold,13200,1720300,false,,34,287444,
87,84,84,Blue,24300,1744600,false,,34,292385,
88,85,85,Grey,26800,1771400,false,,34,296542,
89,86,86,Gold,13800,1785200,false,,34,299239,
90,87,87,Blue,24300,1809500,false,,34,304178,
91,88,88,Grey,26800,1836300,false,,34,308425,
92,89,89,Gold,13000,1849300,false,,34,311778,
93,90,90,Blue,26200,1875500,false,,34,315596,
94,91,91,Grey,28200,1903700,false,,34,319105,
95,92,92,Gold,13900,1917600,false,,34,321762,
97,93,93,Blue,14900,1932500,true,4,33,325384,2300
97,93,93,Blue,14700,1947200,false,,33,327241,
98,94,94,Grey,27800,1975000,false,,33,330950,
99,95,95,Gold,14000,1989000,false,,33,333551,
100,96,96,Blue,15000,2004000,false,,33,334634,
101,97,97,Grey,28100,2032100,false,,33,338171,
102,98,98,Gold,13300,2045400,false,,33,341274,
103,99,99,Blue,25000,2070400,false,,33,345653,
104,100,100,Grey,28400,2098800,false,,33,349103,
105,101,101,Gold,12900,2111700,false,,33,352538,
106,102,102,Blue,24300,2136000,false,,33,357481,
107,103,103,Grey,27800,2163800,false,,33,361193,
108,104,104,Gold,2100,2165900,true,5,32,363702,4000
109,104,104,Gold,13700,2179600,false,,32,366716,
110,105,105,Blue,15000,2194600,false,,32,367783,
111,106,106,Grey,28300,2222900,false,,32,371254,
112,107,107,Gold,13800,2236700,false,,32,373951,
113,108,108,Blue,24300,2261000,false,,32,379051,
114,109,109,Grey,27800,2288800,false,,32,382769,
115,110,110,Gold,13300,2302100,false,,32,385862,
116,111,111,Blue,26100,2328200,false,,32,389783,
117,112,112,Grey,27700,2355900,false,,32,393536,
118,113,113,Gold,13100,2369000,false,,32,396991,
119,114,114,Blue,25500,2394500,false,,32,401094,
120,115,115,Grey,26800,2421300,false,,32,405238,
121,116,116,Gold,13800,2435100,false,,32,407927,
122,117,117,Blue,24300,2459400,false,,32,412731,
123,118,118,Grey,25600,2485000,false,,32,417445,
124,119,119,Gold,14000,2499000,false,,32,420056,
125,120,120,Blue,25600,2524600,false,,32,424132,
126,121,121,Grey,27600,2552200,false,,32,427928,
127,122,122,Gold,13700,2565900,false,,32,430551,
128,123,123,Blue,25700,2591600,false,,32,434640,
129,124,124,Grey,27800,2619400,false,,32,438336,
130,125,125,Gold,13800,2633200,false,,32,441015,
131,126,126,Blue,24300,2657500,false,,32,445928,
132,127,127,Grey,27900,2685400,false,,32,449614,
133,128,128,Gold,12900,2698300,false,,32,453303,
135,129,129,Blue,7800,2706100,true,6,31,455640,4900
135,129,129,Blue,20500,2726600,false,,31,458345,
136,130,130,Grey,27100,2753700,false,,31,462406,
137,131,131,Gold,14700,2768400,false,,31,464661,
138,132,132,Blue,15000,2783400,false,,31,465730,
139,133,133,Grey,28300,2811700,false,,31,469210,
140,134,134,Gold,13000,2824700,false,,31,472749,
141,135,135,Blue,24800,2849500,false,,31,477246,
142,136,136,Grey,26900,2876400,false,,31,481419,
143,137,137,Gold,14000,2890400,false,,31,483732,
144,138,138,Blue,25500,2915900,false,,31,487927,
145,139,139,Grey,27900,2943800,false,,31,491590,
146,140,140,Gold,13800,2957600,false,,31,494311,
147,141,141,Blue,25700,2983300,false,,31,498378,
148,142,142,Grey,27800,3011100,false,,31,502039,
149,143,143,Gold,13900,3025000,false,,31,504708,
150,144,144,Blue,24400,3049400,false,,31,509384,
151,145,145,Grey,28200,3077600,false,,31,512866,
152,146,146,Gold,13700,3091300,false,,31,515897,
153,147,147,Blue,24900,3116200,false,,31,520381,
154,148,148,Grey,27800,3144000,false,,31,524094,
155,149,149,Gold,13600,3157600,false,,31,526911,
156,150,150,Blue,25500,3183100,false,,31,531126,
157,151,151,Grey,27200,3210300,false,,31,535145,
158,152,152,Gold,13100,3223400,false,,31,538472,
159,153,153,Blue,25600,3249000,false,,31,542553,
160,154,154,Grey,26400,3275400,false,,31,546927,
161,155,155,Gold,13800,3289200,false,,31,549628,
162,156,156,Blue,25500,3314700,false,,31,553739,
163,157,157,Grey,27800,3342500,false,,31,557401,
164,158,158,Gold,13200,3355700,false,,31,560832,
165,159,159,Blue,24000,3379700,false,,31,565914,
166,160,160,Blue,24300,3404000,false,,31,570968,
167,161,161,Blue,25200,3429200,false,,31,575293,
168,162,162,Blue,26000,3455200,false,,31,579256,
169,163,163,Blue,25200,3480400,false,,31,583541,
170,164,164,Blue,25500,3505900,false,,31,587703,
171,165,165,Blue,24300,3530200,false,,31,592867,
172,166,166,Blue,24300,3554500,false,,31,597944,
173,167,167,Blue,25600,3580100,false,,31,602080,
174,168,168,Blue,25600,3605700,false,,31,606108,
175,169,169,Blue,25900,3631600,false,,31,610118,
176,170,170,Blue,24300,3655900,false,,31,614860,
177,171,171,Blue,24300,3680200,false,,31,619826,
178,172,172,Blue,25700,3705900,false,,31,623897,
179,173,173,Blue,26000,3731900,false,,31,627844,
180,174,174,Blue,26000,3757900,false,,31,631777,
181,175,175,Blue,25700,3783600,false,,31,635866,
182,176,176,Blue,25500,3809100,false,,31,640093,
183,177,177,Blue,25500,3834600,false,,31,644330,
184,178,178,Blue,26700,3861300,false,,31,647942,
185,179,179,Blue,25900,3887200,false,,31,651943,
186,180,180,Blue,25500,3912700,false,,31,656140,
187,181,181,Blue,25700,3938400,false,,31,660141,
188,182,182,Blue,25200,3963600,false,,31,664479,
189,183,183,Blue,24300,3987900,false,,31,669372,
190,184,184,Blue,24300,4012200,false,,31,674345,
191,185,185,Blue,25700,4037900,false,,31,678464,
192,186,186,Blue,24400,4062300,false,,31,683184,
193,187,187,Blue,26500,4088800,false,,31,686903,
194,188,188,Blue,25000,4113800,false,,31,691351,
195,189,189,Blue,24800,4138600,false,,31,695774,
196,190,190,Blue,25200,4163800,false,,31,700097,
197,191,191,Blue,25500,4189300,false,,31,704212,
198,192,192,Blue,25700,4215000,false,,31,708277,
199,193,193,Blue,25900,4240900,false,,31,712222,
200,194,194,Blue,26200,4267100,false,,31,715996,
201,195,195,Blue,25400,4292500,false,,31,720195,
202,196,196,Blue,24300,4316800,false,,31,725140,
203,197,197,Blue,25500,4342300,false,,31,729378,
204,198,198,Blue,25600,4367900,false,,31,733392,
205,199,199,Blue,25700,4393600,false,,31,737529,
206,200,200,Blue,25400,4419000,false,,31,741723,
207,201,201,Blue,25500,4444500,false,,31,745947,
208,202,202,Blue,26100,4470600,false,,31,749873,
209,203,203,Blue,26200,4496800,false,,31,753729,
210,204,204,Blue,25500,4522300,false,,31,757864,
211,205,205,Blue,25700,4548000,false,,31,761898,
212,206,206,Blue,24900,4572900,false,,31,766344,
213,207,207,Blue,24700,4597600,false,,31,770984,
214,208,208,Blue,25500,4623100,false,,31,775165,
216,209,209,Blue,15300,4638400,true,7,30,778668,2500
216,209,209,Blue,15900,4654300,false,,30,779915,
218,210,210,Blue,13900,4668200,true,8,29,783554,2300
218,210,210,Blue,17300,4685500,false,,29,784853,
219,211,211,Blue,25700,4711200,false,,29,788846,
220,212,212,Blue,15000,4726200,false,,29,789903,
221,213,213,Blue,25500,4751700,false,,29,794026,
222,214,214,Blue,25700,4777400,false,,29,798107,
224,215,215,Blue,14900,4792300,true,9,28,801597,2600
224,215,215,Blue,15900,4808200,false,,28,803048,
225,216,216,Blue,25200,4833400,false,,28,807332,
226,217,217,Blue,25900,4859300,false,,28,811374,
227,218,218,Blue,25400,4884700,false,,28,815584,
228,219,219,Blue,24400,4909100,false,,28,820217,
229,220,220,Blue,15500,4924600,false,,28,821325,
230,221,221,Blue,25500,4950100,false,,28,825533,
231,222,222,Blue,26200,4976300,false,,28,829442,
232,223,223,Blue,25500,5001800,false,,28,833610,
233,224,224,Blue,25400,5027200,false,,28,837794,
234,225,225,Blue,24700,5051900,false,,28,842458,
235,226,226,Blue,25000,5076900,false,,28,846868,
236,227,227,Blue,25100,5102000,false,,28,851227,
237,228,228,Blue,25600,5127600,false,,28,855257,
238,229,229,Blue,24300,5151900,false,,28,860151,
239,230,230,Blue,24300,5176200,false,,28,865072,
240,231,231,Blue,25000,5201200,false,,28,869527,
241,232,232,Blue,25400,5226600,false,,28,873803,
242,233,233,Blue,25700,5252300,false,,28,877926,
243,234,234,Blue,26100,5278400,false,,28,881742,
244,235,235,Blue,24300,5302700,false,,28,886483,
245,236,236,Blue,25700,5328400,false,,28,890602,
246,237,237,Blue,25200,5353600,false,,28,894896,
247,238,238,Blue,25200,5378800,false,,28,899244,
248,239,239,Blue,25100,5403900,false,,28,903659,
249,240,240,Blue,25000,5428900,false,,28,908133,
251,241,241,Blue,9500,5438400,true,10,27,910507,4800
251,241,241,Blue,18200,5456600,false,,27,913492,
252,242,242,Blue,25700,5482300,false,,27,917586,
253,243,243,Blue,25100,5507400,false,,27,921920,
254,244,244,Blue,25100,5532500,false,,27,926183,
255,245,245,Blue,25500,5558000,false,,27,930410,
256,246,246,Blue,25500,5583500,false,,27,934554,
257,247,247,Blue,25700,5609200,false,,27,938612,
259,248,248,Blue,14800,5624000,true,11,26,942112,2600
259,248,248,Blue,14900,5638900,false,,26,944069,
260,249,249,Blue,25700,5664600,false,,26,948162,
261,250,250,Blue,24700,5689300,false,,26,952804,
262,251,251,Blue,24300,5713600,false,,26,957882,
263,252,252,Blue,25400,5739000,false,,26,962052,
265,253,253,Blue,6500,5745500,true,12,25,964085,5500
265,253,253,Blue,21400,5766900,false,,25,966974,
266,254,254,Blue,24300,5791200,false,,25,972043,
267,255,255,Blue,24300,5815500,false,,25,977185,
268,256,256 (Board 0),Blue,25200,5840700,false,,25,981496,
269,257,257 (Loop 2: Board 1),Blue,15200,5855900,false,,25,982779,
270,258,258 (Loop 2: Board 2),Gold,15300,5871200,false,,25,983958,
271,259,259 (Loop 2: Board 3),Blue,18900,5890100,false,,25,986968,
272,260,260 (Loop 2: Board 4),Grey,17900,5908000,false,,25,990163,
273,261,261 (Loop 2: Board 5),Gold,14400,5922400,false,,25,992202,
274,262,262 (Loop 2: Board 6),Blue,17700,5940100,false,,25,995425,
275,263,263 (Loop 2: Board 7),Grey,18100,5958200,false,,25,998934,
276,264,264 (Loop 2: Board 8),Gold,14200,5972400,false,,25,1001253,
277,265,265 (Loop 2: Board 9),Blue,17800,5990200,false,,25,1004689,
278,266,266 (Loop 2: Board 10),Grey,17000,6007200,false,,25,1009916,
279,267,267 (Loop 2: Board 11),Gold,14300,6021500,false,,25,1012051,
280,268,268 (Loop 2: Board 12),Blue,21700,6043200,false,,25,1015371,
281,269,269 (Loop 2: Board 13),Grey,19600,6062800,false,,25,1020720,
282,270,270 (Loop 2: Board 14),Gold,14800,6077600,false,,25,1022971,
283,271,271 (Loop 2: Board 15),Blue,20600,6098200,false,,25,1027088,
284,272,272 (Loop 2: Board 16),Grey,20200,6118400,false,,25,1031829,
285,273,273 (Loop 2: Board 17),Gold,14800,6133200,false,,25,1034076,
286,274,274 (Loop 2: Board 18),Blue,23100,6156300,false,,25,1038485,
287,275,275 (Loop 2: Board 19),Grey,24700,6181000,false,,25,1042524,
288,276,276 (Loop 2: Board 20),Gold,14700,6195700,false,,25,1044851,
289,277,277 (Loop 2: Board 21),Blue,24000,6219700,false,,25,1048898,
290,278,278 (Loop 2: Board 22),Grey,19400,6239100,false,,25,1053383,
291,279,279 (Loop 2: Board 23),Gold,11900,6251000,false,,25,1055702,
292,280,280 (Loop 2: Board 24),Blue,22900,6273900,false,,25,1060661,
293,281,281 (Loop 2: Board 25),Grey,29300,6303200,false,,25,1064319,
294,282,282 (Loop 2: Board 26),Gold,14700,6317900,false,,25,1067336,
295,283,283 (Loop 2: Board 27),Blue,25600,6343500,false,,25,1071453,
296,284,284 (Loop 2: Board 28),Grey,27800,6371300,false,,25,1075147,
297,285,285 (Loop 2: Board 29),Gold,13400,6384700,false,,25,1078164,
298,286,286 (Loop 2: Board 30),Blue,24000,6408700,false,,25,1083468,
299,287,287 (Loop 2: Board 31),Grey,27800,6436500,false,,25,1087168,
300,288,288 (Loop 2: Board 32),Gold,13900,6450400,false,,25,1089521,
301,289,289 (Loop 2: Board 33),Blue,25400,6475800,false,,25,1093596,
302,290,290 (Loop 2: Board 34),Grey,27200,6503000,false,,25,1097609,
303,291,291 (Loop 2: Board 35),Gold,13200,6516200,false,,25,1101048,
304,292,292 (Loop 2: Board 36),Blue,25200,6541400,false,,25,1105335,
305,293,293 (Loop 2: Board 37),Grey,27800,6569200,false,,25,1109007,
306,294,294 (Loop 2: Board 38),Gold,13700,6582900,false,,25,1111750,
307,295,295 (Loop 2: Board 39),Blue,24400,6607300,false,,25,1116371,
308,296,296 (Loop 2: Board 40),Grey,27800,6635100,false,,25,1120057,
309,297,297 (Loop 2: Board 41),Gold,13600,6648700,false,,25,1122706,
310,298,298 (Loop 2: Board 42),Blue,25700,6674400,false,,25,1126765,
311,299,299 (Loop 2: Board 43),Grey,27800,6702200,false,,25,1130489,
312,300,300 (Loop 2: Board 44),Gold,13800,6716000,false,,25,1133058,
313,301,301 (Loop 2: Board 45),Blue,25900,6741900,false,,25,1137093,
314,302,302 (Loop 2: Board 46),Grey,28100,6770000,false,,25,1140664,
315,303,303 (Loop 2: Board 47),Gold,13800,6783800,false,,25,1143355,
316,304,304 (Loop 2: Board 48),Blue,24300,6808100,false,,25,1148449,
317,305,305 (Loop 2: Board 49),Grey,28100,6836200,false,,25,1151971,
318,306,306 (Loop 2: Board 50),Gold,13500,6849700,false,,25,1154948,
319,307,307 (Loop 2: Board 51),Blue,24300,6874000,false,,25,1159850,
320,308,308 (Loop 2: Board 52),Grey,27800,6901800,false,,25,1163536,
321,309,309 (Loop 2: Board 53),Gold,13700,6915500,false,,25,1166565,
323,310,310 (Loop 2: Board 54),Blue,8800,6924300,true,13,24,1168762,5200
323,310,310 (Loop 2: Board 54),Blue,19000,6943300,false,,24,1171689,
324,311,311 (Loop 2: Board 55),Grey,27600,6970900,false,,24,1175499,
325,312,312 (Loop 2: Board 56),Gold,14300,6985200,false,,24,1178114,
326,313,313 (Loop 2: Board 57),Blue,15000,7000200,false,,24,1179195,
327,314,314 (Loop 2: Board 58),Grey,28800,7029000,false,,24,1182420,
328,315,315 (Loop 2: Board 59),Gold,13300,7042300,false,,24,1185529,
330,316,316 (Loop 2: Board 60),Blue,16400,7058700,true,14,23,1191189,0
330,316,316 (Loop 2: Board 60),Blue,15300,7074000,false,,23,1192214,
331,317,317 (Loop 2: Board 61),Grey,27300,7101300,false,,23,1196133,
332,318,318 (Loop 2: Board 62),Gold,14900,7116200,false,,23,1198738,
333,319,319 (Loop 2: Board 63),Blue,15000,7131200,false,,23,1199827,
334,320,320 (Loop 2: Board 64),Grey,27800,7159000,false,,23,1203497,
335,321,321 (Loop 2: Board 65),Gold,12900,7171900,false,,23,1206920,
336,322,322 (Loop 2: Board 66),Blue,24300,7196200,false,,23,1211785,
337,323,323 (Loop 2: Board 67),Grey,27400,7223600,false,,23,1215732,
338,324,324 (Loop 2: Board 68),Gold,14000,7237600,false,,23,1218201,
339,325,325 (Loop 2: Board 69),Blue,25700,7263300,false,,23,1222232,
340,326,326 (Loop 2: Board 70),Grey,28300,7291600,false,,23,1225690,
341,327,327 (Loop 2: Board 71),Gold,13800,7305400,false,,23,1228401,
342,328,328 (Loop 2: Board 72),Blue,26200,7331600,false,,23,1232295,
343,329,329 (Loop 2: Board 73),Grey,27700,7359300,false,,23,1236074,
344,330,330 (Loop 2: Board 74),Gold,13600,7372900,false,,23,1238885,
345,331,331 (Loop 2: Board 75),Blue,25500,7398400,false,,23,1243190,
347,332,332 (Loop 2: Board 76),Grey,9200,7407600,true,15,22,1245317,5300
347,332,332 (Loop 2: Board 76),Grey,21600,7429200,false,,22,1247424,
348,333,333 (Loop 2: Board 77),Gold,14200,7443400,false,,22,1249775,
349,334,334 (Loop 2: Board 78),Blue,15000,7458400,false,,22,1250837,
350,335,335 (Loop 2: Board 79),Grey,27800,7486200,false,,22,1254514,
351,336,336 (Loop 2: Board 80),Gold,13100,7499300,false,,22,1257973,
352,337,337 (Loop 2: Board 81),Blue,24300,7523600,false,,22,1262810,
353,338,338 (Loop 2: Board 82),Grey,26400,7550000,false,,22,1267172,
354,339,339 (Loop 2: Board 83),Gold,13700,7563700,false,,22,1269779,
356,340,340 (Loop 2: Board 84),Blue,6100,7569800,true,16,21,1271664,5900
356,340,340 (Loop 2: Board 84),Blue,21600,7591400,false,,21,1274682,
358,341,341 (Loop 2: Board 85),Grey,1900,7593300,true,17,20,1276012,7000
358,341,341 (Loop 2: Board 85),Grey,27000,7620300,false,,20,1279069,
359,342,342 (Loop 2: Board 86),Gold,14400,7634700,false,,20,1281786,
360,343,343 (Loop 2: Board 87),Blue,15000,7649700,false,,20,1282850,
361,344,344 (Loop 2: Board 88),Grey,28300,7678000,false,,20,1286279,
362,345,345 (Loop 2: Board 89),Gold,13100,7691100,false,,20,1289762,
363,346,346 (Loop 2: Board 90),Blue,24900,7716000,false,,20,1294255,
365,347,347 (Loop 2: Board 91),Grey,6400,7722400,true,18,19,1295883,6300
365,347,347 (Loop 2: Board 91),Grey,23900,7746300,false,,19,1298268,
366,348,348 (Loop 2: Board 92),Gold,14200,7760500,false,,19,1300903,
367,349,349 (Loop 2: Board 93),Blue,15000,7775500,false,,19,1301971,
368,350,350 (Loop 2: Board 94),Grey,27800,7803300,false,,19,1305659,
369,351,351 (Loop 2: Board 95),Gold,14000,7817300,false,,19,1308248,
370,352,352 (Loop 2: Board 96),Blue,25100,7842400,false,,19,1312674,
372,353,353 (Loop 2: Board 97),Grey,11700,7854100,true,19,18,1315240,4400
372,353,353 (Loop 2: Board 97),Grey,19700,7873800,false,,18,1317055,
373,354,354 (Loop 2: Board 98),Gold,15400,7889200,false,,18,1319292,
374,355,355 (Loop 2: Board 99),Blue,15000,7904200,false,,18,1320370,
375,356,356 (Loop 2: Board 100),Grey,27800,7932000,false,,18,1324067,
376,357,357 (Loop 2: Board 101),Gold,12600,7944600,false,,18,1327916,
377,358,358 (Loop 2: Board 102),Blue,25400,7970000,false,,18,1332162,
378,359,359 (Loop 2: Board 103),Grey,28400,7998400,false,,18,1335577,
379,360,360 (Loop 2: Board 104),Gold,13700,8012100,false,,18,1338186,
380,361,361 (Loop 2: Board 105),Blue,26000,8038100,false,,18,1342137,
381,362,362 (Loop 2: Board 106),Grey,27300,8065400,false,,18,1346057,
382,363,363 (Loop 2: Board 107),Gold,13100,8078500,false,,18,1349388,
383,364,364 (Loop 2: Board 108),Blue,25600,8104100,false,,18,1353606,
384,365,365 (Loop 2: Board 109),Grey,27800,8131900,false,,18,1357303,
385,366,366 (Loop 2: Board 110),Gold,13900,8145800,false,,18,1359970,
386,367,367 (Loop 2: Board 111),Blue,24600,8170400,false,,18,1364637,
387,368,368 (Loop 2: Board 112),Grey,28000,8198400,false,,18,1368239,
388,369,369 (Loop 2: Board 113),Gold,13100,8211500,false,,18,1371688,
389,370,370 (Loop 2: Board 114),Blue,26000,8237500,false,,18,1375691,
390,371,371 (Loop 2: Board 115),Grey,27800,8265300,false,,18,1379370,
391,372,372 (Loop 2: Board 116),Gold,13400,8278700,false,,18,1382411,
392,373,373 (Loop 2: Board 117),Blue,25200,8303900,false,,18,1386715,
394,374,374 (Loop 2: Board 118),Grey,15900,8319800,true,20,17,1390520,1900
394,374,374 (Loop 2: Board 118),Grey,16800,8336600,false,,17,1391689,
395,375,375 (Loop 2: Board 119),Gold,14700,8351300,false,,17,1393938,
396,376,376 (Loop 2: Board 120),Blue,15000,8366300,false,,17,1395015,
398,377,377 (Loop 2: Board 121),Grey,7200,8373500,true,21,16,1397221,5200
398,377,377 (Loop 2: Board 121),Grey,22700,8396200,false,,16,1399754,
399,378,378 (Loop 2: Board 122),Gold,15000,8411200,false,,16,1401999,
400,379,379 (Loop 2: Board 123),Blue,15000,8426200,false,,16,1403071,
402,380,380 (Loop 2: Board 124),Grey,8500,8434700,true,22,15,1405308,5100
402,380,380 (Loop 2: Board 124),Grey,21900,8456600,false,,15,1407607,
403,381,381 (Loop 2: Board 125),Gold,14900,8471500,false,,15,1410200,
404,382,382 (Loop 2: Board 126),Blue,15000,8486500,false,,15,1411266,
405,383,383 (Loop 2: Board 127),Grey,27000,8513500,false,,15,1415355,
406,384,384 (Loop 2: Board 128),Gold,13200,8526700,false,,15,1418918,
407,385,385 (Loop 2: Board 129),Blue,25100,8551800,false,,15,1423315,
408,386,386 (Loop 2: Board 130),Grey,27600,8579400,false,,15,1427115,
409,387,387 (Loop 2: Board 131),Gold,13400,8592800,false,,15,1430174,
410,388,388 (Loop 2: Board 132),Blue,26100,8618900,false,,15,1434135,
411,389,389 (Loop 2: Board 133),Grey,26900,8645800,false,,15,1438270,
412,390,390 (Loop 2: Board 134),Gold,13700,8659500,false,,15,1440857,
413,391,391 (Loop 2: Board 135),Blue,24900,8684400,false,,15,1445342,
414,392,392 (Loop 2: Board 136),Grey,27400,8711800,false,,15,1449245,
415,393,393 (Loop 2: Board 137),Gold,13500,8725300,false,,15,1452244,
416,394,394 (Loop 2: Board 138),Blue,26200,8751500,false,,15,1456123,
417,395,395 (Loop 2: Board 139),Grey,27800,8779300,false,,15,1459825,
418,396,396 (Loop 2: Board 140),Gold,14000,8793300,false,,15,1462440,
419,397,397 (Loop 2: Board 141),Blue,24300,8817600,false,,15,1467449,
420,398,398 (Loop 2: Board 142),Grey,27200,8844800,false,,15,1471458,
421,399,399 (Loop 2: Board 143),Gold,13600,8858400,false,,15,1474125,
422,400,400 (Loop 2: Board 144),Blue,25500,8883900,false,,15,1478300,
423,401,401 (Loop 2: Board 145),Grey,28600,8912500,false,,15,1481638,
424,402,402 (Loop 2: Board 146),Gold,13400,8925900,false,,15,1485093,
425,403,403 (Loop 2: Board 147),Blue,25400,8951300,false,,15,1489370,
426,404,404 (Loop 2: Board 148),Grey,27200,8978500,false,,15,1493314,
427,405,405 (Loop 2: Board 149),Gold,13300,8991800,false,,15,1496397,
428,406,406 (Loop 2: Board 150),Blue,26600,9018400,false,,15,1500105,
429,407,407 (Loop 2: Board 151),Grey,27800,9046200,false,,15,1503795,
430,408,408 (Loop 2: Board 152),Gold,13400,9059600,false,,15,1506856,
431,409,409 (Loop 2: Board 153),Blue,24300,9083900,false,,15,1512233,
432,410,410 (Loop 2: Board 154),Grey,27400,9111300,false,,15,1516161,
433,411,411 (Loop 2: Board 155),Gold,13700,9125000,false,,15,1519358,
434,412,412 (Loop 2: Board 156),Blue,24300,9149300,false,,15,1524112,
436,413,413 (Loop 2: Board 157),Grey,16900,9166200,true,23,14,1527397,3000
436,413,413 (Loop 2: Board 157),Grey,15400,9181600,false,,14,1528778,
437,414,414 (Loop 2: Board 158),Gold,14900,9196500,false,,14,1531087,
438,415,415 (Loop 2: Board 159),Blue,15300,9211800,false,,14,1532162,
439,416,416 (Loop 2: Board 160),Blue,25200,9237000,false,,14,1536487,
440,417,417 (Loop 2: Board 161),Blue,24300,9261300,false,,14,1541531,
441,418,418 (Loop 2: Board 162),Blue,24300,9285600,false,,14,1546801,
442,419,419 (Loop 2: Board 163),Blue,24300,9309900,false,,14,1551577,
443,420,420 (Loop 2: Board 164),Blue,25400,9335300,false,,14,1555876,
444,421,421 (Loop 2: Board 165),Blue,25500,9360800,false,,14,1560022,
445,422,422 (Loop 2: Board 166),Blue,26000,9386800,false,,14,1563925,
446,423,423 (Loop 2: Board 167),Blue,25000,9411800,false,,14,1568393,
447,424,424 (Loop 2: Board 168),Blue,25100,9436900,false,,14,1572782,
448,425,425 (Loop 2: Board 169),Blue,25600,9462500,false,,14,1576913,
449,426,426 (Loop 2: Board 170),Blue,26000,9488500,false,,14,1580861,
450,427,427 (Loop 2: Board 171),Blue,24300,9512800,false,,14,1585772,
451,428,428 (Loop 2: Board 172),Blue,25000,9537800,false,,14,1590207,
452,429,429 (Loop 2: Board 173),Blue,24300,9562100,false,,14,1595185,
453,430,430 (Loop 2: Board 174),Blue,25800,9587900,false,,14,1599266,
454,431,431 (Loop 2: Board 175),Blue,24000,9611900,false,,14,1605373,
455,432,432 (Loop 2: Board 175),Blue,24000,9611900,true,24,13,1605563,0
455,432,432 (Loop 2: Board 176),Blue,24300,9636200,false,,13,1610366,
456,433,433 (Loop 2: Board 177),Blue,25100,9661300,false,,13,1614606,
457,434,434 (Loop 2: Board 178),Blue,25700,9687000,false,,13,1618694,
459,435,435 (Loop 2: Board 179),Blue,2600,9689600,true,25,12,1620098,6800
459,435,435 (Loop 2: Board 179),Blue,22300,9711900,false,,12,1624374,
460,436,436 (Loop 2: Board 180),Blue,24300,9736200,false,,12,1629366,
461,437,437 (Loop 2: Board 181),Blue,26000,9762200,false,,12,1633308,
463,438,438 (Loop 2: Board 182),Blue,13100,9775300,true,26,11,1636517,3100
463,438,438 (Loop 2: Board 182),Blue,16700,9792000,false,,11,1638424,
464,439,439 (Loop 2: Board 183),Blue,26000,9818000,false,,11,1642345,
465,440,440 (Loop 2: Board 184),Blue,24600,9842600,false,,11,1646957,
466,441,441 (Loop 2: Board 185),Blue,25900,9868500,false,,11,1650932,
467,442,442 (Loop 2: Board 186),Blue,25900,9894400,false,,11,1654890,
468,443,443 (Loop 2: Board 187),Blue,25700,9920100,false,,11,1659029,
469,444,444 (Loop 2: Board 188),Blue,25100,9945200,false,,11,1663408,
470,445,445 (Loop 2: Board 189),Blue,25000,9970200,false,,11,1667859,
471,446,446 (Loop 2: Board 190),Blue,25100,9995300,false,,11,1672256,
472,447,447 (Loop 2: Board 191),Blue,25400,10020700,false,,11,1676550,
473,448,448 (Loop 2: Board 192),Blue,26000,10046700,false,,11,1680505,
474,449,449 (Loop 2: Board 193),Blue,25800,10072500,false,,11,1684580,
475,450,450 (Loop 2: Board 194),Blue,25200,10097700,false,,11,1688821,
476,451,451 (Loop 2: Board 195),Blue,25800,10123500,false,,11,1692815,
477,452,452 (Loop 2: Board 196),Blue,25400,10148900,false,,11,1697070,
478,453,453 (Loop 2: Board 197),Blue,25600,10174500,false,,11,1701182,
479,454,454 (Loop 2: Board 198),Blue,24700,10199200,false,,11,1705733,
480,455,455 (Loop 2: Board 199),Blue,26000,10225200,false,,11,1709717,
481,456,456 (Loop 2: Board 200),Blue,25200,10250400,false,,11,1714108,
483,457,457 (Loop 2: Board 201),Blue,8200,10258600,true,27,10,1716673,4500
483,457,457 (Loop 2: Board 201),Blue,20300,10278900,false,,10,1719230,
485,458,458 (Loop 2: Board 202),Blue,12400,10291300,true,28,9,1722241,3600
485,458,458 (Loop 2: Board 202),Blue,17400,10308700,false,,9,1724134,
486,459,459 (Loop 2: Board 203),Blue,15000,10323700,false,,9,1725204,
487,460,460 (Loop 2: Board 204),Blue,26000,10349700,false,,9,1729050,
488,461,461 (Loop 2: Board 205),Blue,25700,10375400,false,,9,1733135,
489,462,462 (Loop 2: Board 206),Blue,25200,10400600,false,,9,1737456,
490,463,463 (Loop 2: Board 207),Blue,25300,10425900,false,,9,1741726,
491,464,464 (Loop 2: Board 208),Blue,25400,10451300,false,,9,1745920,
492,465,465 (Loop 2: Board 209),Blue,24300,10475600,false,,9,1751105,
493,466,466 (Loop 2: Board 210),Blue,24300,10499900,false,,9,1756014,
494,467,467 (Loop 2: Board 211),Blue,25100,10525000,false,,9,1760364,
495,468,468 (Loop 2: Board 212),Blue,24300,10549300,false,,9,1765154,
496,469,469 (Loop 2: Board 213),Blue,24300,10573600,false,,9,1770317,
497,470,470 (Loop 2: Board 214),Blue,25000,10598600,false,,9,1774767,
498,471,471 (Loop 2: Board 215),Blue,25600,10624200,false,,9,1778872,
499,472,472 (Loop 2: Board 216),Blue,25400,10649600,false,,9,1783152,
500,473,473 (Loop 2: Board 217),Blue,25100,10674700,false,,9,1787541,
501,474,474 (Loop 2: Board 218),Blue,25600,10700300,false,,9,1791744,
502,475,475 (Loop 2: Board 219),Blue,25700,10726000,false,,9,1795843,
503,476,476 (Loop 2: Board 220),Blue,25700,10751700,false,,9,1799945,
504,477,477 (Loop 2: Board 221),Blue,25700,10777400,false,,9,1803999,
505,478,478 (Loop 2: Board 222),Blue,24400,10801800,false,,9,1808762,
506,479,479 (Loop 2: Board 223),Blue,24400,10826200,false,,9,1813392,
507,480,480 (Loop 2: Board 224),Blue,25200,10851400,false,,9,1817670,
508,481,481 (Loop 2: Board 225),Blue,25600,10877000,false,,9,1821810,
509,482,482 (Loop 2: Board 226),Blue,25700,10902700,false,,9,1825870,
510,483,483 (Loop 2: Board 227),Blue,26000,10928700,false,,9,1829826,
511,484,484 (Loop 2: Board 228),Blue,24900,10953600,false,,9,1834283,
512,485,485 (Loop 2: Board 229),Blue,24300,10977900,false,,9,1839251,
513,486,486 (Loop 2: Board 230),Blue,25100,11003000,false,,9,1843568,
514,487,487 (Loop 2: Board 231),Blue,25900,11028900,false,,9,1847493,
515,488,488 (Loop 2: Board 232),Blue,25700,11054600,false,,9,1851583,
516,489,489 (Loop 2: Board 233),Blue,25000,11079600,false,,9,1856007,
517,490,490 (Loop 2: Board 234),Blue,25700,11105300,false,,9,1860119,
518,491,491 (Loop 2: Board 235),Blue,24900,11130200,false,,9,1864488,
520,492,492 (Loop 2: Board 236),Blue,10600,11140800,true,29,8,1867227,4100
520,492,492 (Loop 2: Board 236),Blue,16700,11157500,false,,8,1870356,
521,493,493 (Loop 2: Board 237),Blue,24600,11182100,false,,8,1874981,
522,494,494 (Loop 2: Board 238),Blue,25200,11207300,false,,8,1879308,
523,495,495 (Loop 2: Board 239),Blue,25700,11233000,false,,8,1883395,
524,496,496 (Loop 2: Board 240),Blue,25700,11258700,false,,8,1887496,
526,497,497 (Loop 2: Board 241),Blue,4600,11263300,true,30,7,1889111,6300
526,497,497 (Loop 2: Board 241),Blue,20400,11283700,false,,7,1893288,
527,498,498 (Loop 2: Board 242),Blue,24300,11308000,false,,7,1898117,
528,499,499 (Loop 2: Board 243),Blue,24300,11332300,false,,7,1902956,
529,500,500 (Loop 2: Board 244),Blue,24300,11356600,false,,7,1907510,
530,501,501 (Loop 2: Board 245),Blue,25200,11381800,false,,7,1911937,
531,502,502 (Loop 2: Board 246),Blue,25500,11407300,false,,7,1916110,
532,503,503 (Loop 2: Board 247),Blue,25500,11432800,false,,7,1920284,
533,504,504 (Loop 2: Board 248),Blue,24700,11457500,false,,7,1924825,
534,505,505 (Loop 2: Board 249),Blue,25300,11482800,false,,7,1929099,
535,506,506 (Loop 2: Board 250),Blue,25400,11508200,false,,7,1933340,
536,507,507 (Loop 2: Board 251),Blue,25700,11533900,false,,7,1937488,
537,508,508 (Loop 2: Board 252),Blue,26200,11560100,false,,7,1941373,
538,509,509 (Loop 2: Board 253),Blue,26200,11586300,false,,7,1945228,
539,510,510 (Loop 2: Board 254),Blue,24800,11611100,false,,7,1949726,
540,511,511 (Loop 2: Board 255),Blue,25500,11636600,false,,7,1953884,
541,512,512 (Loop 2: Board 256/0),Blue,25600,11662200,false,,7,1958051,
542,513,513 (Loop 3: Board 1),Blue,15200,11677400,false,,7,1959333,
543,514,514 (Loop 3: Board 2),Gold,15300,11692700,false,,7,1960514,
544,515,515 (Loop 3: Board 3),Blue,15600,11708300,false,,7,1961797,
545,516,516 (Loop 3: Board 4),Grey,17300,11725600,false,,7,1964822,
546,517,517 (Loop 3: Board 5),Gold,14500,11740100,false,,7,1966793,
547,518,518 (Loop 3: Board 6),Blue,18000,11758100,false,,7,1969922,
548,519,519 (Loop 3: Board 7),Grey,18400,11776500,false,,7,1973134,
549,520,520 (Loop 3: Board 8),Gold,14000,11790500,false,,7,1975595,
550,521,521 (Loop 3: Board 9),Blue,18800,11809300,false,,7,1979098,
551,522,522 (Loop 3: Board 10),Grey,19000,11828300,false,,7,1982817,
552,523,523 (Loop 3: Board 11),Gold,13900,11842200,false,,7,1985446,
553,524,524 (Loop 3: Board 12),Blue,20600,11862800,false,,7,1989626,
554,525,525 (Loop 3: Board 13),Grey,21500,11884300,false,,7,1993428,
555,526,526 (Loop 3: Board 14),Gold,14800,11899100,false,,7,1995721,
556,527,527 (Loop 3: Board 15),Blue,20700,11919800,false,,7,1999791,
557,528,528 (Loop 3: Board 16),Grey,20700,11940500,false,,7,2004186,
558,529,529 (Loop 3: Board 17),Gold,14700,11955200,false,,7,2006803,
559,530,530 (Loop 3: Board 18),Blue,22900,11978100,false,,7,2011328,
560,531,531 (Loop 3: Board 19),Grey,18900,11997000,false,,7,2015967,
561,532,532 (Loop 3: Board 20),Gold,11800,12008800,false,,7,2018010,
562,533,533 (Loop 3: Board 21),Blue,20200,12029000,false,,7,2022572,
564,534,534 (Loop 3: Board 22),Grey,12200,12041200,true,31,6,2026552,3000
564,534,534 (Loop 3: Board 22),Grey,17300,12058500,false,,6,2027827,
565,535,535 (Loop 3: Board 23),Gold,15300,12073800,false,,6,2030096,
566,536,536 (Loop 3: Board 24),Blue,15100,12088900,false,,6,2031157,
567,537,537 (Loop 3: Board 25),Grey,28600,12117500,false,,6,2035090,
568,538,538 (Loop 3: Board 26),Gold,14500,12132000,false,,6,2038243,
569,539,539 (Loop 3: Board 27),Blue,24300,12156300,false,,6,2043049,
570,540,540 (Loop 3: Board 28),Grey,28400,12184700,false,,6,2046482,
571,541,541 (Loop 3: Board 29),Gold,13200,12197900,false,,6,2049901,
572,542,542 (Loop 3: Board 30),Blue,24900,12222800,false,,6,2054394,
573,543,543 (Loop 3: Board 31),Grey,26800,12249600,false,,6,2058577,
574,544,544 (Loop 3: Board 32),Gold,13700,12263300,false,,6,2061636,
575,545,545 (Loop 3: Board 33),Blue,24700,12288000,false,,6,2066143,
576,546,546 (Loop 3: Board 34),Grey,27200,12315200,false,,6,2070131,
577,547,547 (Loop 3: Board 35),Gold,13100,12328300,false,,6,2073454,
578,548,548 (Loop 3: Board 36),Blue,24300,12352600,false,,6,2078288,
579,549,549 (Loop 3: Board 37),Grey,27300,12379900,false,,6,2082261,
580,550,550 (Loop 3: Board 38),Gold,13200,12393100,false,,6,2085276,
581,551,551 (Loop 3: Board 39),Blue,25500,12418600,false,,6,2089510,
582,552,552 (Loop 3: Board 40),Grey,28300,12446900,false,,6,2093021,
583,553,553 (Loop 3: Board 41),Gold,13700,12460600,false,,6,2095638,
584,554,554 (Loop 3: Board 42),Blue,25300,12485900,false,,6,2099951,
585,555,555 (Loop 3: Board 43),Grey,28000,12513900,false,,6,2103555,
586,556,556 (Loop 3: Board 44),Gold,13600,12527500,false,,6,2106366,
587,557,557 (Loop 3: Board 45),Blue,25500,12553000,false,,6,2110590,
588,558,558 (Loop 3: Board 46),Grey,26500,12579500,false,,6,2114816,
589,559,559 (Loop 3: Board 47),Gold,13600,12593100,false,,6,2117625,
590,560,560 (Loop 3: Board 48),Blue,25500,12618600,false,,6,2121859,
591,561,561 (Loop 3: Board 49),Grey,28900,12647500,false,,6,2125020,
592,562,562 (Loop 3: Board 50),Gold,13700,12661200,false,,6,2127633,
593,563,563 (Loop 3: Board 51),Blue,25700,12686900,false,,6,2131721,
594,564,564 (Loop 3: Board 52),Grey,27600,12714500,false,,6,2135565,
595,565,565 (Loop 3: Board 53),Gold,12900,12727400,false,,6,2139258,
596,566,566 (Loop 3: Board 54),Blue,25700,12753100,false,,6,2143364,
597,567,567 (Loop 3: Board 55),Grey,26600,12779700,false,,6,2147678,
598,568,568 (Loop 3: Board 56),Gold,12900,12792600,false,,6,2151823,
599,569,569 (Loop 3: Board 57),Blue,25200,12817800,false,,6,2156167,
600,570,570 (Loop 3: Board 58),Grey,27500,12845300,false,,6,2160005,
601,571,571 (Loop 3: Board 59),Gold,13700,12859000,false,,6,2162738,
602,572,572 (Loop 3: Board 60),Blue,25600,12884600,false,,6,2166894,
603,573,573 (Loop 3: Board 61),Grey,27800,12912400,false,,6,2170552,
604,574,574 (Loop 3: Board 62),Gold,13400,12925800,false,,6,2173579,
605,575,575 (Loop 3: Board 63),Blue,25000,12950800,false,,6,2178048,
606,576,576 (Loop 3: Board 64),Grey,27900,12978700,false,,6,2181694,
607,577,577 (Loop 3: Board 65),Gold,12200,12990900,false,,6,2186193,
609,578,578 (Loop 3: Board 66),Blue,12400,13003300,true,32,5,2189180,3600
609,578,578 (Loop 3: Board 66),Blue,17400,13020700,false,,5,2191159,
610,579,579 (Loop 3: Board 67),Grey,26200,13046900,false,,5,2195654,
611,580,580 (Loop 3: Board 68),Gold,14000,13060900,false,,5,2198281,
612,581,581 (Loop 3: Board 69),Blue,15000,13075900,false,,5,2199360,
613,582,582 (Loop 3: Board 70),Grey,27500,13103400,false,,5,2203063,
614,583,583 (Loop 3: Board 71),Gold,12300,13115700,false,,5,2207332,
615,584,584 (Loop 3: Board 72),Blue,24300,13140000,false,,5,2212120,
616,585,585 (Loop 3: Board 73),Grey,27600,13167600,false,,5,2215923,
617,586,586 (Loop 3: Board 74),Gold,12900,13180500,false,,5,2219650,
618,587,587 (Loop 3: Board 75),Blue,25700,13206200,false,,5,2223729,
619,588,588 (Loop 3: Board 76),Grey,27300,13233500,false,,5,2227713,
620,589,589 (Loop 3: Board 77),Gold,13400,13246900,false,,5,2230770,
621,590,590 (Loop 3: Board 78),Blue,25900,13272800,false,,5,2234767,
622,591,591 (Loop 3: Board 79),Grey,28200,13301000,false,,5,2238212,
623,592,592 (Loop 3: Board 80),Gold,13600,13314600,false,,5,2241297,
624,593,593 (Loop 3: Board 81),Blue,25100,13339700,false,,5,2245732,
625,594,594 (Loop 3: Board 82),Grey,28100,13367800,false,,5,2249333,
626,595,595 (Loop 3: Board 83),Gold,13400,13381200,false,,5,2252678,
627,596,596 (Loop 3: Board 84),Blue,24300,13405500,false,,5,2257819,
628,597,597 (Loop 3: Board 85),Grey,27800,13433300,false,,5,2261498,
629,598,598 (Loop 3: Board 86),Gold,13400,13446700,false,,5,2264557,
630,599,599 (Loop 3: Board 87),Blue,25200,13471900,false,,5,2268820,
631,600,600 (Loop 3: Board 88),Grey,27800,13499700,false,,5,2272524,
632,601,601 (Loop 3: Board 89),Gold,12900,13512600,false,,5,2275923,
633,602,602 (Loop 3: Board 90),Blue,25400,13538000,false,,5,2280148,
634,603,603 (Loop 3: Board 91),Grey,27800,13565800,false,,5,2283827,
635,604,604 (Loop 3: Board 92),Gold,13200,13579000,false,,5,2287224,
636,605,605 (Loop 3: Board 93),Blue,24300,13603300,false,,5,2291965,
637,606,606 (Loop 3: Board 94),Grey,27500,13630800,false,,5,2295777,
638,607,607 (Loop 3: Board 95),Gold,13200,13644000,false,,5,2299218,
639,608,608 (Loop 3: Board 96),Blue,25200,13669200,false,,5,2303598,
640,609,609 (Loop 3: Board 97),Grey,27900,13697100,false,,5,2307247,
641,610,610 (Loop 3: Board 98),Gold,13600,13710700,false,,5,2310060,
642,611,611 (Loop 3: Board 99),Blue,25400,13736100,false,,5,2314299,
643,612,612 (Loop 3: Board 100),Grey,27800,13763900,false,,5,2317980,
644,613,613 (Loop 3: Board 101),Gold,13900,13777800,false,,5,2320331,
645,614,614 (Loop 3: Board 102),Blue,25000,13802800,false,,5,2324810,
646,615,615 (Loop 3: Board 103),Grey,27200,13830000,false,,5,2328787,
647,616,616 (Loop 3: Board 104),Gold,13200,13843200,false,,5,2332232,
648,617,617 (Loop 3: Board 105),Blue,24700,13867900,false,,5,2336651,
649,618,618 (Loop 3: Board 106),Grey,27900,13895800,false,,5,2340309,
650,619,619 (Loop 3: Board 107),Gold,13800,13909600,false,,5,2343032,
651,620,620 (Loop 3: Board 108),Blue,25200,13934800,false,,5,2347342,
652,621,621 (Loop 3: Board 109),Grey,27900,13962700,false,,5,2351019,
653,622,622 (Loop 3: Board 110),Gold,13300,13976000,false,,5,2354108,
655,623,623 (Loop 3: Board 111),Blue,11000,13987000,true,33,4,2357123,3600
655,623,623 (Loop 3: Board 111),Blue,17700,14004700,false,,4,2359664,
656,624,624 (Loop 3: Board 112),Grey,28200,14032900,false,,4,2363186,
657,625,625 (Loop 3: Board 113),Gold,14400,14047300,false,,4,2365751,
658,626,626 (Loop 3: Board 114),Blue,24900,14072200,false,,4,2370163,
659,627,627 (Loop 3: Board 115),Grey,27600,14099800,false,,4,2373970,
660,628,628 (Loop 3: Board 116),Gold,13200,14113000,false,,4,2377083,
661,629,629 (Loop 3: Board 117),Blue,25700,14138700,false,,4,2381198,
662,630,630 (Loop 3: Board 118),Grey,27200,14165900,false,,4,2385168,
663,631,631 (Loop 3: Board 119),Gold,14300,14180200,false,,4,2387643,
664,632,632 (Loop 3: Board 120),Blue,25400,14205600,false,,4,2391894,
666,633,633 (Loop 3: Board 121),Grey,14500,14220100,true,34,3,2394758,3800
666,633,633 (Loop 3: Board 121),Grey,17900,14238000,false,,3,2396089,
667,634,634 (Loop 3: Board 122),Gold,14500,14252500,false,,3,2398444,
668,635,635 (Loop 3: Board 123),Blue,15000,14267500,false,,3,2399508,
669,636,636 (Loop 3: Board 124),Grey,27700,14295200,false,,3,2403275,
670,637,637 (Loop 3: Board 125),Gold,13400,14308600,false,,3,2406314,
672,638,638 (Loop 3: Board 126),Blue,13500,14322100,true,35,2,2409407,3400
672,638,638 (Loop 3: Board 126),Blue,16800,14338900,false,,2,2411088,
673,639,639 (Loop 3: Board 127),Grey,27700,14366600,false,,2,2414809,
674,640,640 (Loop 3: Board 128),Gold,15100,14381700,false,,2,2417038,
676,641,641 (Loop 3: Board 129),Blue,2000,14383700,true,36,1,2418847,6000
676,641,641 (Loop 3: Board 129),Blue,24400,14408100,false,,1,2422621,
677,642,642 (Loop 3: Board 130),Grey,28300,14436400,false,,1,2426126,
678,643,643 (Loop 3: Board 131),Gold,15500,14451900,false,,1,2428431,
679,644,644 (Loop 3: Board 132),Blue,15000,14466900,false,,1,2429520,
680,645,645 (Loop 3: Board 133),Grey,27600,14494500,false,,1,2433330,
681,646,646 (Loop 3: Board 134),Gold,13600,14508100,false,,1,2436139,
682,647,647 (Loop 3: Board 135),Blue,14900,14523000,true,37,0,2439494,2500
